method,rf_error_percent,rf_scale,source_pulse_csv,device_file,rows,dt_us,peak_amplitude_hz,rms_amplitude_hz,peak_device_amplitude,min_device_amplitude,phase_min_deg,phase_max_deg
Nominal NN,-10.0,0.9,pulses/nominal_nn/rf_minus10p0pct.csv,device_pulses/nominal_nn/hadamard_nominal_nn_rf_minus10p0pct.spinq,300,35.0,4148.982403250106,981.8446057067484,49.78778883900127,0.1117934929400399,0.0645218058214351,357.5266291314006
Nominal NN,-5.0,0.95,pulses/nominal_nn/rf_minus05p0pct.csv,device_pulses/nominal_nn/hadamard_nominal_nn_rf_minus05p0pct.spinq,300,35.0,4379.481425652889,1036.391528246012,52.55377710783466,0.1180042425478199,0.0645218058214351,357.5266291314006
Nominal NN,0.0,1.0,pulses/nominal_nn/rf_plus00p0pct.csv,device_pulses/nominal_nn/hadamard_nominal_nn_rf_zero00p0pct.spinq,300,35.0,4609.980448055672,1090.9384507852758,55.31976537666806,0.1242149921555998,0.0645218058214351,357.5266291314006
Nominal NN,5.0,1.05,pulses/nominal_nn/rf_plus05p0pct.csv,device_pulses/nominal_nn/hadamard_nominal_nn_rf_plus05p0pct.spinq,300,35.0,4840.4794704584565,1145.4853733245398,58.08575364550147,0.1304257417633799,0.0645218058214351,357.5266291314006
Nominal NN,10.0,1.1,pulses/nominal_nn/rf_plus10p0pct.csv,device_pulses/nominal_nn/hadamard_nominal_nn_rf_plus10p0pct.spinq,300,35.0,5070.97849286124,1200.0322958638037,60.85174191433488,0.1366364913711598,0.0645218058214351,357.5266291314006
Robust NN,-10.0,0.9,pulses/robust_nn/rf_minus10p0pct.csv,device_pulses/robust_nn/hadamard_robust_nn_rf_minus10p0pct.spinq,300,35.0,4006.372555215201,1043.6731980766765,48.07647066258241,0.7739144567993994,0.2485621963513531,354.03935803340903
Robust NN,-5.0,0.95,pulses/robust_nn/rf_minus05p0pct.csv,device_pulses/robust_nn/hadamard_robust_nn_rf_minus05p0pct.spinq,300,35.0,4228.948808282712,1101.6550424142697,50.74738569939255,0.8169097043993658,0.2485621963513532,354.03935803340903
Robust NN,0.0,1.0,pulses/robust_nn/rf_plus00p0pct.csv,device_pulses/robust_nn/hadamard_robust_nn_rf_zero00p0pct.spinq,300,35.0,4451.525061350223,1159.6368867518624,53.418300736202674,0.8599049519993326,0.2485621963513531,354.03935803340903
Robust NN,5.0,1.05,pulses/robust_nn/rf_plus05p0pct.csv,device_pulses/robust_nn/hadamard_robust_nn_rf_plus05p0pct.spinq,300,35.0,4674.101314417734,1217.618731089456,56.0892157730128,0.9029001995992992,0.2485621963513531,354.03935803340903
Robust NN,10.0,1.1,pulses/robust_nn/rf_plus10p0pct.csv,device_pulses/robust_nn/hadamard_robust_nn_rf_plus10p0pct.spinq,300,35.0,4896.677567485246,1275.6005754270489,58.76013080982296,0.945895447199266,0.2485621963513531,354.03935803340903
