frequency_Hz,amplitude_mV
-1215.181005,-26.92229788
-1212.192365,-92.01379686
-1209.203725,-91.79898937
-1206.215085,-110.918372
-1203.226445,-117.9854939
-1200.237805,-93.59370994
-1197.249165,-75.72125839
-1194.260525,-80.7899213
-1191.271885,14.45797269
-1188.283245,12.18033968
-1185.294605,-39.0467751
-1182.305965,-49.37880159
-1179.317325,-39.39535312
-1176.328685,-66.74453722
-1173.340045,-69.43149212
-1170.351405,-95.04144587
-1167.362766,-97.18251746
-1164.374126,-71.69914672
-1161.385486,-5.992860857
-1158.396846,-9.815741679
-1155.408206,-93.19277241
-1152.419566,-64.26918503
-1149.430926,11.49752996
-1146.442286,-26.92229788
-1143.453646,-26.92229788
-1140.465006,-34.02469263
-1137.476366,-45.76790639
-1134.487726,-42.08198687
-1131.499086,22.02166071
-1128.510446,-46.46008832
-1125.521806,-38.10588294
-1122.533166,-76.07878028
-1119.544526,-101.3458463
-1116.555886,-75.29193508
-1113.567246,-64.65539565
-1110.578606,-37.32393547
-1107.589966,-64.16993608
-1104.601327,-83.92345238
-1101.612687,-64.16999631
-1098.624047,15.35098604
-1095.635407,21.42718632
-1092.646767,-32.84255047
-1089.658127,-39.05437372
-1086.669487,-75.7870013
-1083.680847,-100.5277199
-1080.692207,-95.73002328
-1077.703567,-57.60256237
-1074.714927,-56.7192758
-1071.726287,-47.7094779
-1068.737647,-18.52734745
-1065.749007,-38.09514659
-1062.760367,-26.92229788
-1059.771727,-68.85028827
-1056.783087,-97.94152793
-1053.794447,-143.7717175
-1050.805807,-173.4342538
-1047.817167,-200.2038724
-1044.828527,-162.0347247
-1041.839887,-169.310779
-1038.851248,-210.5347611
-1035.862608,-245.5073294
-1032.873968,-250.9563358
-1029.885328,-344.4276673
-1026.896688,-547.6534886
-1023.908048,-944.5843482
-1020.919408,-1260.872698
-1017.930768,-1272.969264
-1014.942128,-1201.278735
-1011.953488,-1149.649797
-1008.964848,-1092.23444
-1005.976208,-1011.391874
-1002.987568,-913.2600257
-999.9989282,-851.16668
-997.0102882,-793.5161888
-994.0216483,-788.3716265
-991.0330083,-732.0018767
-988.0443684,-678.4070088
-985.0557284,-697.6327982
-982.0670884,-707.4595159
-979.0784485,-673.6188718
-976.0898085,-745.5276278
-973.1011686,-823.9828728
-970.1125286,-920.4867192
-967.1238887,-920.2494667
-964.1352487,-847.9348762
-961.1466088,-770.1433123
-958.1579688,-708.8103087
-955.1693289,-608.0507204
-952.1806889,-483.5697696
-949.192049,-392.2632564
-946.203409,-215.378383
-943.2147691,-190.3219496
-940.2261291,-182.0414647
-937.2374892,-192.9606041
-934.2488492,-177.687166
-931.2602093,-193.2808536
-928.2715693,-216.806465
-925.2829293,-241.7605072
-922.2942894,-282.9752691
-919.3056494,-372.0982728
-916.3170095,-427.5731108
-913.3283695,-513.1479001
-910.3397296,-552.2441225
-907.3510896,-625.0202735
-904.3624497,-771.8876257
-901.3738097,-902.1731726
-898.3851698,-1122.296204
-895.3965298,-1461.752333
-892.4078899,-1639.484638
-889.4192499,-1435.878647
-886.43061,-1185.095845
-883.44197,-988.9990252
-880.4533301,-861.2404674
-877.4646901,-767.8401352
-874.4760502,-706.9064808
-871.4874102,-528.9339217
-868.4987702,-451.2710197
-865.5101303,-374.6488265
-862.5214903,-309.6064256
-859.5328504,-309.6064256
-856.5442104,-309.6064256
-853.5555705,-325.8686296
-850.5669305,-390.4684801
-847.5782906,-472.8253444
-844.5896506,-624.8708328
-841.6010107,-1018.807713
-838.6123707,-1013.75267
-835.6237308,-946.9170007
-832.6350908,-915.428965
-829.6464509,-817.1144256
-826.6578109,-742.6082063
-823.669171,-660.3063112
-820.680531,-596.8691693
-817.691891,-560.0215246
-814.7032511,-477.8735018
-811.7146111,-397.2778606
-808.7259712,-330.0210632
-805.7373312,-290.093936
-802.7486913,-262.4051658
-799.7600513,-313.7408461
-796.7714114,-251.1363941
-793.7827714,-141.7390739
-790.7941315,-90.50202038
-787.8054915,-68.89604603
-784.8168516,-86.2238569
-781.8282116,-97.18167044
-778.8395717,-57.3776287
-775.8509317,-71.20011949
-772.8622918,-108.8117906
-769.8736518,-125.0038907
-766.8850119,-142.5345741
-763.8963719,-95.00661683
-760.9077319,16.16733104
-757.919092,15.41120255
-754.930452,-78.86370943
-751.9418121,-60.34141561
-748.9531721,-36.52450487
-745.9645322,39.58543955
-742.9758922,10.61680954
-739.9872523,-107.5813258
-736.9986123,-117.278304
-734.0099724,-69.41206244
-731.0213324,-85.55543977
-728.0326925,-108.8188778
-725.0440525,-121.1503405
-722.0554126,-103.9154785
-719.0667726,-87.51051569
-716.0781327,-81.75434682
-713.0894927,-110.6191297
-710.1008528,-102.3047319
-707.1122128,-102.6862615
-704.1235728,-139.995949
-701.1349329,-121.1503405
-698.1462929,-141.8972654
-695.157653,-158.8415575
-692.169013,-141.4046927
-689.1803731,-112.9626545
-686.1917331,-59.23220627
-683.2030932,-74.9385381
-680.2144532,-114.9397759
-677.2258133,-139.995949
-674.2371733,-155.245428
-671.2485334,-126.7892043
-668.2598934,-70.65770376
-665.2712535,-69.11500347
-662.2826135,-115.7165246
-659.2939736,-125.3956998
-656.3053336,-68.49425402
-653.3166937,67.3057447
-650.3280537,26.3751943
-647.3394137,-128.1949326
-644.3507738,-139.995949
-641.3621338,-81.98338073
-638.3734939,-81.15919607
-635.3848539,-83.45912343
-632.396214,-92.66613076
-629.407574,-83.45912343
-626.4189341,-177.687166
-623.4302941,-197.8013399
-620.4416542,-173.0318978
-617.4530142,-86.65118162
-614.4643743,-83.45912343
-611.4757343,-64.61351491
-608.4870944,-86.25309248
-605.4984544,-91.10283476
-602.5098145,-102.3047319
-599.5211745,-81.83585406
-596.5325346,-64.61351491
-593.5438946,-149.6962783
-590.5552546,-115.5427265
-587.5666147,-132.0407301
-584.5779747,-139.995949
-581.5893348,-139.2682255
-578.6006948,-138.5405021
-575.6120549,-171.4925739
-572.6234149,-155.2303303
-569.634775,-120.5164699
-566.646135,-109.1475614
-563.6574951,-98.00654261
-560.6688551,-59.88581141
-557.6802152,-90.19736074
-554.6915752,-121.1503405
-551.7029353,-115.6324023
-548.7142953,-65.47611828
-545.7256554,-45.76790639
-542.7370154,-184.2100972
-539.7483755,-141.0010376
-536.7597355,-102.0833884
-533.7710955,-91.19104872
-530.7824556,-82.71668323
-527.7938156,-90.48131819
-524.8051757,-102.3047319
-521.8165357,-82.52541809
-518.8278958,-88.05519699
-515.8392558,-75.30252356
-512.8506159,-102.3047319
-509.8619759,-139.995949
-506.873336,-139.995949
-503.884696,-121.1503405
-500.8960561,-139.995949
-497.9074161,-131.6541565
-494.9187762,-81.84240046
-491.9301362,-121.1503405
-488.9414963,-120.0403131
-485.9528563,-74.13191688
-482.9642164,-74.02861358
-479.9755764,-83.45912343
-476.9869364,-177.687166
-473.9982965,-158.8415575
-471.0096565,-77.13230108
-468.0210166,-64.61351491
-465.0323766,-195.0079247
-462.0437367,-156.1095462
-459.0550967,-42.29747082
-456.0664568,-43.95798941
-453.0778168,-78.91059618
-450.0891769,-126.6826578
-447.1005369,-149.5452762
-444.111897,-132.4118292
-441.123257,-100.5925704
-438.1346171,-83.45912343
-435.1459771,-102.3047319
-432.1573372,-169.0456924
-429.1686972,-96.13109045
-426.1800573,-75.78393611
-423.1914173,-65.35773531
-420.2027773,-172.8037539
-417.2141374,-204.8094528
-414.2254974,-149.0265963
-411.2368575,-63.59736837
-408.2482175,-88.61424855
-405.2595776,-102.3047319
-402.2709376,-76.44562055
-399.2822977,-26.92229788
-396.2936577,-26.92229788
-393.3050178,-56.48558985
-390.3163778,-99.13153843
-387.3277379,-126.2409418
-384.3390979,-149.1756962
-381.350458,-158.8415575
-378.361818,-158.8415575
-375.3731781,-105.7577863
-372.3845381,-42.49127124
-369.3958981,-30.48921034
-366.4072582,-26.92229788
-363.4186182,-121.1503405
-360.4299783,-95.68195005
-357.4413383,-67.68324296
-354.4526984,-64.61351491
-351.4640584,-83.45912343
-348.4754185,-26.92229788
-345.4867785,-162.604776
-342.4981386,-199.8027949
-339.5094986,-195.7679342
-336.5208587,-229.832716
-333.5322187,-177.687166
-330.5435788,-93.84559464
-327.5549388,-45.76790639
-324.5662989,-66.5448755
-321.5776589,-102.3047319
-318.589019,-133.7825624
-315.600379,-121.1503405
-312.611739,-121.1503405
-309.6230991,-83.45912343
-306.6344591,-100.5789039
-303.6458192,-205.2325005
-300.6571792,-270.7964974
-297.6685393,-213.9952025
-294.6798993,-139.995949
-291.6912594,-231.4434279
-288.7026194,-253.3424794
-285.7139795,-210.5002505
-282.7253395,-219.9801213
-279.7366996,-87.76894196
-276.7480596,-83.45912343
-273.7594197,-55.42687537
-270.7707797,-140.7486128
-267.7821398,-132.2776029
-264.7934998,-149.318077
-261.8048599,-202.6121936
-258.8162199,-241.4486531
-255.8275799,-240.8455364
-252.83894,-245.3027028
-249.8503,-190.9847291
-246.8616601,-185.3069499
-243.8730201,-163.0235909
-240.8843802,-207.92206
-237.8957402,-234.8984304
-234.9071003,-180.9895116
-231.9184603,-215.151137
-228.9298204,-267.1570813
-225.9411804,-243.7382469
-222.9525405,-219.792171
-219.9639005,-205.2757687
-216.9752606,-99.08041735
-213.9866206,-92.88192768
-210.9979807,-135.5706936
-208.0093407,-188.4078915
-205.0207008,-244.2786296
-202.0320608,-290.0042514
-199.0434208,-279.281048
-196.0547809,-225.5171664
-193.0661409,-247.4498403
-190.077501,-257.7080166
-187.088861,-226.5681418
-184.1002211,-224.9964825
-181.1115811,-326.765904
-178.1229412,-312.3420608
-175.1343012,-267.9410406
-172.1456613,-232.8857582
-169.1570213,-289.8262664
-166.1683814,-333.7548525
-163.1797414,-375.7593938
-160.1911015,-374.4087554
-157.2024615,-305.2065957
-154.2138216,-348.8996517
-151.2251816,-349.6344166
-148.2365417,-340.042474
-145.2479017,-309.05658
-142.2592617,-292.6224849
-139.2706218,-372.8454045
-136.2819818,-477.8972426
-133.2933419,-463.0823707
-130.3047019,-425.082812
-127.316062,-461.5125484
-124.327422,-457.5695746
-121.3387821,-425.1329606
-118.3501421,-473.7078177
-115.3615022,-550.8055202
-112.3728622,-694.2018452
-109.3842223,-778.2454739
-106.3955823,-795.4530731
-103.4069424,-749.1209621
-100.4183024,-754.1989141
-97.42966246,-864.5924897
-94.4410225,-921.1012957
-91.45238255,-874.0546445
-88.4637426,-847.4002036
-85.47510265,-888.9600422
-82.48646269,-971.4749813
-79.49782274,-1071.676149
-76.50918279,-1147.09243
-73.52054284,-1219.966881
-70.53190288,-1139.908063
-67.54326293,-963.4914882
-64.55462298,-641.095674
-61.56598302,-388.8335167
-58.57734307,-242.8349487
-55.58870312,-69.57334421
-52.60006317,29.8529233
-49.61142321,-26.92229788
-46.62278326,-31.11678417
-43.63414331,62.7022442
-40.64550336,87.34919737
-37.6568634,36.65199152
-34.66822345,2.709535756
-31.6795835,29.61452767
-28.69094355,40.851107
-25.70230359,61.08987604
-22.71366364,3.962608137
-19.72502369,9.920136173
-16.73638373,22.23793502
-13.74774378,54.24077106
-10.75910383,29.61452767
-7.770463877,93.07326126
-4.781823924,168.9508965
-1.793183972,371.0543966
1.195455981,600.5139542
4.184095934,725.2618455
7.172735886,670.3652172
10.16137584,604.4056722
13.15001579,529.5773958
16.13865574,435.6263897
19.1272957,312.2986554
22.11593565,81.70572589
25.1045756,47.97340641
28.09321556,-100.3973405
31.08185551,-186.3294571
34.07049546,-314.2412477
37.05913541,-362.4079017
40.04777537,-456.0583516
43.03641532,-563.8304589
46.02505527,-613.1838247
49.01369522,-629.9817704
52.00233518,-660.3771219
54.99097513,-680.8787882
57.97961508,-617.2899827
60.96825503,-247.0613866
63.95689499,207.7944589
66.94553494,394.7640067
69.93417489,481.909132
72.92281485,546.3656256
75.9114548,555.0001817
78.90009475,537.7130162
81.8887347,426.4009487
84.87737466,356.8066907
87.86601461,284.3886337
90.85465456,205.9092409
93.84329451,156.471967
96.83193447,136.3995609
99.82057442,43.59845609
102.8092144,-26.92229788
105.7978543,-119.1279497
108.7864943,-133.6068483
111.7751342,-133.5761764
114.7637742,-237.1790401
117.7524141,-297.0015722
120.7410541,-290.7608171
123.729694,-149.145388
126.718334,279.4563267
129.7069739,653.6840588
132.6956139,858.2923168
135.6842539,985.4757504
138.6728938,1053.57653
141.6615338,1069.562447
144.6501737,1103.814213
147.6388137,1035.913137
150.6274536,1009.58617
153.6160936,968.4461004
156.6047335,914.5238358
159.5933735,850.6745344
162.5820134,779.7533544
165.5706534,704.6154538
168.5592933,613.8283916
171.5479333,492.6721641
174.5365732,481.909132
177.5252132,461.1137927
180.5138531,430.7104087
183.5024931,394.9204556
186.491133,348.6310728
189.479773,301.206914
192.468413,274.6074384
195.4570529,274.6074384
198.4456929,279.7650688
201.4343328,291.1118557
204.4229728,302.4586426
207.4116127,307.6162731
210.4002527,253.4206387
213.3888926,199.2250043
216.3775326,199.2250043
219.3661725,199.2250043
222.3548125,199.2250043
225.3434524,199.2250043
228.3320924,199.2250043
231.3207323,199.2250043
234.3093723,161.5337873
237.2980122,161.5337873
240.2866522,123.8425702
243.2752921,86.15135321
246.2639321,86.15135321
249.2525721,114.419766
252.241212,142.6881788
255.229852,142.6881788
258.2184919,142.6881788
261.2071319,142.6881788
264.1957718,142.6881788
267.1844118,142.6881788
270.1730517,142.6881788
273.1616917,142.6881788
276.1503316,142.6881788
279.1389716,142.6881788
282.1276115,142.6881788
285.1162515,89.28226561
288.1048914,-9.441782706
291.0935314,-13.33920705
294.0821713,10.76891915
297.0708113,15.12025339
300.0594512,17.61823922
303.0480912,18.41671489
306.0367312,-4.227888064
309.0253711,10.76891915
312.0140111,-32.75889937
315.002651,-26.92229788
317.991291,-9.196553368
320.9799309,10.76891915
323.9685709,21.06830741
326.9572108,-71.84206803
329.9458508,-83.45912343
332.9344907,34.90480102
335.9231307,24.12478983
338.9117706,2.416155996
341.9004106,-14.27400084
344.8890505,-22.81445398
347.8776905,-26.92229788
350.8663304,-26.92229788
353.8549704,-17.01521121
356.8436103,-45.76790639
359.8322503,-51.9091126
362.8208903,29.61452767
365.8095302,-32.68259886
368.7981702,29.61452767
371.7868101,-64.61351491
374.7754501,-69.59611523
377.76409,-117.9691446
380.75273,-102.3047319
383.7413699,-64.61351491
386.7300099,-106.4214209
389.7186498,-114.3234408
392.7072898,-102.3047319
395.6959297,-19.93039824
398.6845697,-63.08236062
401.6732096,-126.634175
404.6618496,-116.3498547
407.6504895,-92.88192768
410.6391295,-112.0655183
413.6277694,-126.9576967
416.6164094,-51.51157922
419.6050494,-47.00002998
422.5936893,-97.30308844
425.5823293,-123.6161595
428.5709692,-120.8497277
431.5596092,-112.1726528
434.5482491,-58.84961131
437.5368891,-87.9021111
440.525529,-146.2101598
443.514169,-92.8937496
446.5028089,-106.9436447
449.4914489,-153.4281827
452.4800888,-158.8415575
455.4687288,-139.995949
458.4573687,-45.76790639
461.4460087,-56.74994949
464.4346486,-73.47237653
467.4232886,-87.35935305
470.4119285,-148.7287113
473.4005685,-146.8782004
476.3892085,-140.0373075
479.3778484,-99.79607489
482.3664884,-145.7168411
485.3551283,-171.875655
488.3437683,-191.1506979
491.3324082,-131.9532219
494.3210482,-159.2574157
497.3096881,-196.5327745
500.2983281,-227.0566584
503.286968,-227.288912
506.275608,-214.5469725
509.2642479,-219.955337
512.2528879,-260.1724241
515.2415278,-289.0284941
518.2301678,-308.2647014
521.2188077,-255.336696
524.2074477,-227.8856018
527.1960877,-290.7608171
530.1847276,-310.1648741
533.1733676,-270.1693634
536.1620075,-238.8133914
539.1506475,-273.0314842
542.1392874,-257.2187647
545.1279274,-299.7124184
548.1165673,-371.5267561
551.1052073,-413.7357713
554.0938472,-390.5686338
557.0824872,-387.114721
560.0711271,-419.6460584
563.0597671,-411.5903009
566.048407,-464.4803843
569.037047,-522.9256819
572.0256869,-540.9445305
575.0143269,-585.6953325
578.0029668,-602.549645
580.9916068,-632.573408
583.9802468,-673.2919967
586.9688867,-707.677913
589.9575267,-679.0605621
592.9461666,-743.3183489
595.9348066,-808.4152784
598.9234465,-819.4744565
601.9120865,-830.6653608
604.9007264,-795.1915715
607.8893664,-786.9886187
610.8780063,-807.3861226
613.8666463,-882.9483356
616.8552862,-974.8764319
619.8439262,-1082.051925
622.8325661,-1075.551511
625.8212061,-825.8317625
628.809846,-572.2891516
631.798486,-341.0007366
634.7871259,-220.4700018
637.7757659,-154.1856224
640.7644059,-103.8822743
643.7530458,-102.3047319
646.7416858,-97.13982332
649.7303257,-56.6219366
652.7189657,-11.50380278
655.7076056,-89.93202433
658.6962456,-193.5389655
661.6848855,-276.9599161
664.6735255,-430.9433884
667.6621654,-542.8707413
670.6508054,-716.841214
673.6394453,-1174.046924
676.6280853,-1185.927222
679.6167252,-963.9130526
682.6053652,-735.6339727
685.5940051,-712.9738265
688.5826451,-719.928464
691.571285,-638.9331916
694.559925,-375.5614004
697.548565,73.07168837
700.5372049,193.199776
703.5258449,352.2974549
706.5144848,466.2496926
709.5031248,583.5880329
712.4917647,667.6810686
715.4804047,702.6188693
718.4690446,723.4168257
721.4576846,686.3938065
724.4463245,638.4400391
727.4349645,652.8462267
730.4236044,591.9525588
733.4122444,519.3335664
736.4008843,519.6003491
739.3895243,491.7751112
742.3781642,631.0737365
745.3668042,961.0749514
748.3554441,1222.741521
751.3440841,1276.726495
754.3327241,1253.451595
757.321364,1286.823659
760.310004,1303.608621
763.2986439,1248.651445
766.2872839,1211.553578
769.2759238,1141.50543
772.2645638,1103.814213
775.2532037,1084.968605
778.2418437,1024.607141
781.2304836,919.630162
784.2191236,803.3735761
787.2077635,709.1732917
790.1964035,670.3652172
793.1850434,670.3652172
796.1736834,670.3652172
799.1623233,685.0229127
802.1509633,712.2443472
805.1396032,726.9020427
808.1282432,632.6740002
811.1168832,632.6740002
814.1055231,632.6740002
817.0941631,726.9020427
820.082803,684.3858958
823.071443,632.6740002
826.0600829,615.8541994
829.0487229,601.9392237
832.0373628,590.5712202
835.0260028,581.3923361
838.0146427,574.0447186
841.0032827,568.1705151
843.9919226,563.4118727
846.9805626,559.4109386
849.9692025,555.8098602
852.9578425,552.2507845
855.9464824,548.3758589
858.9351224,543.8272306
861.9237623,538.2470468
864.9124023,531.2774547
867.9010423,522.5606016
870.8896822,511.7386347
873.8783222,498.4537013
876.8669621,482.3479484
879.8556021,463.0635235
882.844242,363.5872196
885.832882,274.6074384
888.8215219,293.4530469
891.8101619,292.6432746
894.7988018,290.5084206
897.7874418,287.4901786
900.7760817,284.0302426
903.7647217,280.5703067
906.7533616,277.5520647
909.7420016,275.4172106
912.7306415,274.6074384
915.7192815,274.6074384
918.7079215,274.6074384
921.6965614,274.5294541
924.6852014,274.2999322
927.6738413,273.9255191
930.6624813,273.4128611
933.6511212,272.7686047
936.6397612,271.9993961
939.6284011,271.1118819
942.6170411,270.1127085
945.605681,269.008522
948.594321,267.8059691
951.5829609,266.511696
954.5716009,265.1323492
957.5602408,263.674575
960.5488808,262.1450198
963.5375207,260.5503301
966.5261607,258.8971521
969.5148006,257.1921323
972.5034406,255.4419171
975.4920806,253.6531528
978.4807205,251.8324859
981.4693605,249.9865627
984.4580004,248.1220297
987.4466404,246.2455331
990.4352803,244.3637194
993.4239203,242.483235
996.4125602,240.6107263
999.4012002,238.7528396
1002.38984,236.9162213
1005.37848,235.1588964
1008.36712,233.512899
1011.35576,231.9458893
1014.3444,230.4255278
1017.33304,228.9194748
1020.32168,227.3953905
1023.31032,225.8209352
1026.29896,224.1637694
1029.2876,222.3915534
1032.27624,220.4719474
1035.26488,218.3726117
1038.25352,216.0612067
1041.24216,213.5053928
1044.230799,210.6728301
1047.219439,207.5311791
1050.208079,204.0481001
1053.196719,200.1912534
1056.185359,195.9282993
1059.173999,191.2268981
1062.162639,186.0547102
1065.151279,180.3793958
1068.139919,161.7746751
1071.128559,142.6881788
1074.117199,136.6061908
1077.105839,131.9613101
1080.094479,128.4515351
1083.083119,125.7748644
1086.071759,123.6292964
1089.060399,121.7128297
1092.049039,119.7234627
1095.037679,117.3591939
1098.026319,114.3180218
1101.014959,110.2979449
1104.003599,104.9969617
1106.992238,92.53978539
1109.980878,75.73485204
1112.969518,67.3057447
1115.958158,67.32625409
1118.946798,67.46981985
1121.935438,67.85949835
1124.924078,68.61834594
1127.912718,69.869419
1130.901358,71.7357739
1133.889998,74.34046699
1136.878638,77.80655465
1139.867278,82.25709325
1142.855918,87.81513914
1145.844558,94.6037487
1148.833198,102.7459783
1151.821838,112.3648843
1154.810478,123.5835231
1157.799118,136.524951
